Visitor_id,Name,Age,ContactInfo
1,John Doe,24,"1234567890, john.doe@example.com"
2,Jane Smith,30,"2345678901, jane.smith@example.com"
3,Alex Johnson,22,"3456789012, alex.johnson@example.com"
4,Emily Davis,28,"4567890123, emily.davis@example.com"
5,Michael Brown,35,"5678901234, michael.brown@example.com"
6,Sarah Wilson,27,"6789012345, sarah.wilson@example.com"
7,David Martinez,32,"7890123456, david.martinez@example.com"
8,Jessica Taylor,25,"8901234567, jessica.taylor@example.com"
9,Daniel Anderson,29,"9012345678, daniel.anderson@example.com"
10,Lisa Thomas,31,"0123456789, lisa.thomas@example.com"
11,Mark Jackson,26,"1234509876, mark.jackson@example.com"
12,Amanda White,33,"2345610987, amanda.white@example.com"
13,Christopher Harris,23,"3456721098, christopher.harris@example.com"
14,Ashley Martin,34,"4567832109, ashley.martin@example.com"
15,Matthew Garcia,36,"5678943210, matthew.garcia@example.com"
16,Elizabeth Rodriguez,37,"6789054321, elizabeth.rodriguez@example.com"
17,James Lee,38,"7890165432, james.lee@example.com"
18,Jennifer Walker,39,"8901276543, jennifer.walker@example.com"
19,Robert Hall,40,"9012387654, robert.hall@example.com"
20,Nicole Young,41,"0123498765, nicole.young@example.com"
21,Thomas Allen,42,"1234567890, thomas.allen@example.com"
22,Michelle King,43,"2345678901, michelle.king@example.com"
23,Charles Wright,44,"3456789012, charles.wright@example.com"
24,Laura Scott,45,"4567890123, laura.scott@example.com"
25,Joseph Green,46,"5678901234, joseph.green@example.com"
26,Stephanie Adams,47,"6789012345, stephanie.adams@example.com"
27,Andrew Baker,48,"7890123456, andrew.baker@example.com"
28,Rebecca Nelson,49,"8901234567, rebecca.nelson@example.com"
29,Joshua Carter,50,"9012345678, joshua.carter@example.com"
30,Angela Mitchell,51,"0123456789, angela.mitchell@example.com"
31,Kevin Roberts,52,"1234509876, kevin.roberts@example.com"
32,Megan Phillips,53,"2345610987, megan.phillips@example.com"
33,Brian Campbell,54,"3456721098, brian.campbell@example.com"
34,Samantha Parker,55,"4567832109, samantha.parker@example.com"
35,Edward Evans,56,"5678943210, edward.evans@example.com"
36,Olivia Edwards,57,"6789054321, olivia.edwards@example.com"
37,Ronald Collins,58,"7890165432, ronald.collins@example.com"
38,Christina Stewart,59,"8901276543, christina.stewart@example.com"
39,Jason Sanchez,60,"9012387654, jason.sanchez@example.com"
40,Heather Morris,61,"0123498765, heather.morris@example.com"
41,Jeffrey Rogers,62,"1234567890, jeffrey.rogers@example.com"
42,Amber Reed,63,"2345678901, amber.reed@example.com"
43,Gary Cook,64,"3456789012, gary.cook@example.com"
44,Tiffany Morgan,65,"4567890123, tiffany.morgan@example.com"
45,Timothy Bell,66,"5678901234, timothy.bell@example.com"
46,Rachel Murphy,67,"6789012345, rachel.murphy@example.com"
47,Scott Bailey,68,"7890123456, scott.bailey@example.com"
48,Kimberly Rivera,69,"8901234567, kimberly.rivera@example.com"
49,Brandon Cooper,70,"9012345678, brandon.cooper@example.com"
50,Melissa Richardson,71,"0123456789, melissa.richardson@example.com"
51,Ryan Cox,72,"1234509876, ryan.cox@example.com"
52,Laura Howard,73,"2345610987, laura.howard@example.com"
53,Jacob Ward,74,"3456721098, jacob.ward@example.com"
54,Hannah Torres,75,"4567832109, hannah.torres@example.com"
55,Nathan Peterson,76,"5678943210, nathan.peterson@example.com"
56,Brittany Gray,77,"6789054321, brittany.gray@example.com"
57,Patrick Ramirez,78,"7890165432, patrick.ramirez@example.com"
58,Victoria James,79,"8901276543, victoria.james@example.com"
59,Dylan Watson,80,"9012387654, dylan.watson@example.com"
60,Christine Brooks,81,"0123498765, christine.brooks@example.com"
61,Ethan Kelly,82,"1234567890, ethan.kelly@example.com"
62,Katherine Sanders,83,"2345678901, katherine.sanders@example.com"
63,Cody Price,84,"3456789012, cody.price@example.com"
64,Vanessa Bennett,85,"4567890123, vanessa.bennett@example.com"
65,Austin Wood,16,"5678901234, austin.wood@example.com"
66,Allison Barnes,17,"6789012345, allison.barnes@example.com"
67,Tyler Ross,18,"7890123456, tyler.ross@example.com"
68,Kayla Henderson,19,"8901234567, kayla.henderson@example.com"
69,Zachary Coleman,20,"9012345678, zachary.coleman@example.com"
70,Madeline Jenkins,21,"0123456789, madeline.jenkins@example.com"
71,Cameron Perry,22,"1234509876, cameron.perry@example.com"
72,Alyssa Powell,23,"2345610987, alyssa.powell@example.com"
73,Jordan Hughes,24,"3456721098, jordan.hughes@example.com"
74,Haley Flores,25,"4567832109, haley.flores@example.com"
75,Mason Washington,26,"5678943210, mason.washington@example.com"
76,Erica Butler,27,"6789054321, erica.butler@example.com"
77,Logan Simmons,28,"7890165432, logan.simmons@example.com"
78,Maria Foster,29,"8901276543, maria.foster@example.com"
79,Noah Gonzales,30,"9012387654, noah.gonzales@example.com"
80,Jasmine Bryant,31,"0123498765, jasmine.bryant@example.com"
81,Lucas Alexander,32,"1234567890, lucas.alexander@example.com"
82,Morgan Russell,33,"2345678901, morgan.russell@example.com"
83,Kyle Griffin,34,"3456789012, kyle.griffin@example.com"
84,Andrea Diaz,35,"4567890123, andrea.diaz@example.com"
85,Travis Hayes,36,"5678901234, travis.hayes@example.com"
86,Paige Myers,37,"6789012345, paige.myers@example.com"
87,Derek Ford,38,"7890123456, derek.ford@example.com"
88,Briana Hamilton,39,"8901234567, briana.hamilton@example.com"
89,Sean Graham,40,"9012345678, sean.graham@example.com"
90,Vanessa Sullivan,41,"0123456789, vanessa.sullivan@example.com"
91,Gabriel Wallace,42,"1234509876, gabriel.wallace@example.com"
92,Courtney Woods,43,"2345610987, courtney.woods@example.com"
93,Brett Cole,44,"3456721098, brett.cole@example.com"
94,Shelby West,45,"4567832109, shelby.west@example.com"
95,Devin Jordan,46,"5678943210, devin.jordan@example.com"
96,Lindsey Owens,47,"6789054321, lindsey.owens@example.com"
97,Corey Reynolds,48,"7890165432, corey.reynolds@example.com"
98,Sabrina Fisher,49,"8901276543, sabrina.fisher@example.com"
99,Erik Harrison,50,"9012387654, erik.harrison@example.com"
100,Monica Gibson,51,"0123456789, monica.gibson@example.com"
101,Luke Mcdonald,52,"1234509876, luke.mcdonald@example.com"
102,Evelyn Cruz,53,"2345610987, evelyn.cruz@example.com"
103,Garrett Marshall,54,"3456721098, garrett.marshall@example.com"
104,Sheila Ortiz,55,"4567832109, sheila.ortiz@example.com"
105,Marcus Gomez,56,"5678943210, marcus.gomez@example.com"
106,Tara Murray,57,"6789054321, tara.murray@example.com"
107,Joel Freeman,58,"7890165432, joel.freeman@example.com"
108,Jocelyn Wells,59,"8901276543, jocelyn.wells@example.com"
109,Bradley Webb,60,"9012387654, bradley.webb@example.com"
110,Alexis Simpson,61,"0123456789, alexis.simpson@example.com"
111,Oscar Stevens,62,"1234509876, oscar.stevens@example.com"
112,Leslie Tucker,63,"2345610987, leslie.tucker@example.com"
113,Dennis Porter,64,"3456721098, dennis.porter@example.com"
114,Caroline Hunter,65,"4567832109, caroline.hunter@example.com"
115,Raymond Hicks,66,"5678943210, raymond.hicks@example.com"
116,Miranda Crawford,67,"6789054321, miranda.crawford@example.com"
117,Phillip Henry,68,"7890165432, phillip.henry@example.com"
118,Bethany Boyd,69,"8901276543, bethany.boyd@example.com"
119,Leonard Mason,70,"9012387654, leonard.mason@example.com"
120,Molly Morales,71,"0123456789, molly.morales@example.com"
121,Wesley Kennedy,72,"1234509876, wesley.kennedy@example.com"
122,Tracy Warren,73,"2345610987, tracy.warren@example.com"
123,Dean Dixon,74,"3456721098, dean.dixon@example.com"
124,April Ramos,75,"4567832109, april.ramos@example.com"
125,Clarence Reyes,76,"5678943210, clarence.reyes@example.com"
126,Stacey Burns,77,"6789054321, stacey.burns@example.com"
127,Alfred Gordon,78,"7890165432, alfred.gordon@example.com"
128,Vicki Shaw,79,"8901276543, vicki.shaw@example.com"
129,Gerald Holmes,80,"9012387654, gerald.holmes@example.com"
130,Pamela Rice,81,"0123456789, pamela.rice@example.com"
131,Keith Robertson,82,"1234509876, keith.robertson@example.com"
132,Carla Hunt,83,"2345610987, carla.hunt@example.com"
133,Roger Black,84,"3456721098, roger.black@example.com"
134,Glenda Daniels,85,"4567832109, glenda.daniels@example.com"
135,Johnny Palmer,16,"5678943210, johnny.palmer@example.com"
136,Lorraine Mills,17,"6789054321, lorraine.mills@example.com"
137,Ronnie Nichols,18,"7890165432, ronnie.nichols@example.com"
138,Florence Grant,19,"8901276543, florence.grant@example.com"
139,Francis Knight,20,"9012387654, francis.knight@example.com"
140,Eileen Ferguson,21,"0123456789, eileen.ferguson@example.com"
141,Clifford Rose,22,"1234509876, clifford.rose@example.com"
142,Yvonne Stone,23,"2345610987, yvonne.stone@example.com"
143,Norman Hawkins,24,"3456721098, norman.hawkins@example.com"
144,Kristina Dunn,25,"4567832109, kristina.dunn@example.com"
145,Lester Perkins,26,"5678943210, lester.perkins@example.com"
146,Wendy Hudson,27,"6789054321, wendy.hudson@example.com"
147,Gene Spencer,28,"7890165432, gene.spencer@example.com"
148,Dolores Gardner,29,"8901276543, dolores.gardner@example.com"
149,Glenn Stephens,30,"9012387654, glenn.stephens@example.com"
150,Vera Snyder,31,"0123456789, vera.snyder@example.com"
